OBJECTID,Código de localidad,Nombre de localidad,Dirección,Nombre del Sitio,Nombre del puesto,Número del puesto,Código del puesto,Long,Lat,CoorX,CoorY
229,12,BARRIOS UNIDOS,Carrera 62 No. 83 - 02 / Avenida Calle 80 No. 58 - 84 *,Entre R√≠os,Conjunto Residencial Entrer√≠os - Parqueadero,5,160011205,-74.07541462,4.680300152,-8246037.436,521589.0213
230,12,BARRIOS UNIDOS,Avenida Carrera 68 No. 75 A - 50,Metr√≥polis,Centro Comercial Metr√≥polis,6,160011206,-74.08229831,4.680544727,-8246803.725,521616.3383
392,12,BARRIOS UNIDOS,Calle 74 A No. 62 - 44,Sim√≥n Bolivar,Colegio Distrital Tom√°s Carrasquilla - sede A,7,160011207,-74.08023466,4.675761623,-8246574,521082.1059
231,12,BARRIOS UNIDOS,Av. Calle 68 No. 62 - 11,Jos√© Joaqu√≠n Vargas,Fundaci√≥n Universitaria Monserrate - UNIMONSERRATE,8,160011208,-74.0831481,4.672682597,-8246898.323,520738.2065
232,12,BARRIOS UNIDOS,Carrera 57 A No. 74 A - 32,San Fernando,Colegio Rep√∫blica de Panam√°,9,160011209,-74.07670481,4.672777722,-8246181.059,520748.8311
233,12,BARRIOS UNIDOS,Calle 66 A No. 56 B ‚Äì 35 / Calle 66 A No. 56 - 25,Popular Modelo,Colegio Distrital Jorge Eliecer Gait√°n - Sede A,10,160011210,-74.08165929,4.665450646,-8246732.59,519930.4689
238,12,BARRIOS UNIDOS,Carrera 28 B No. 65 - 80,La Paz,Colegio Distrital Francisco primero Sede Manuela Ayala,16,160011216,-74.07520914,4.660220166,-8246014.562,519346.2811
242,12,BARRIOS UNIDOS,Carrera 28 No. 63 - 64,Benjam√≠n Herrera,Colegio Distrital Francisco Primero Sede Alemania,20,160011220,-74.0756793,4.652273764,-8246066.9,518458.7625
786,12,BARRIOS UNIDOS,calle 66 A No. 43 25 / calle 66 A No. 56 25,San Miguel,Colegio Distrital Jorge Eliecer Gait√°n - Sede A,23,160011223,-74.08108761,4.665057627,-8246668.951,519886.5728
787,12,BARRIOS UNIDOS,Carrera 60 No. 63 A - 52 / Avenida Carrera 60 No. 63 - 64 *,Plaza de Los Artesanos,Plaza de Los Artesanos,24,160011224,-74.08583787,4.664194991,-8247197.746,519790.2255
874,12,BARRIOS UNIDOS,Avenida Calle 72 No. 58 - 75,Jorge Eliecer Gait√°n Sede B Primaria,Colegio Distrital Jorge Eliecer Gait√°n - Sede B,26,160011226,-74.0798393,4.672517881,-8246529.989,520719.8092
875,12,BARRIOS UNIDOS,Calle 78 No. 58 - 60,Rep√∫blica de Panam√° Sede C,Colegio Distrital Rep√∫blica de Panam√° - Sede C,27,160011227,-74.07657953,4.676408762,-8246167.113,521154.3856
151,7,BOSA,Calle 63 Sur No. 81 A - 30,Bosa,Colegio Distrital Argelia,1,160010701,-74.18578013,4.611585041,-8258323.268,513914.473
154,7,BOSA,Carrera 88 C No. 66 A - 03 Sur,La Libertad,Colegio Distrital Jos√© Francisco Socarr√°s,6,160010706,-74.19449058,4.62512538,-8259292.911,515426.6866
155,7,BOSA,Calle 68 A Sur No. 80 H - 05,Piamonte,Colegio Distrital Fernando Mazuera Villegas,7,160010707,-74.1907486,4.606868318,-8258876.356,513387.7062
157,7,BOSA,Carrera 80 K No. 73 F - 29 Sur,Laureles,Colegio Distrital Gran Colombiano - Sede B,9,160010709,-74.20015506,4.609059013,-8259923.478,513632.3641
158,7,BOSA,Calle 70 A Sur No. 81 G - 13,Palestina,Colegio Distrital Porfilio Barba Jacob,10,160010710,-74.1936458,4.611871835,-8259198.871,513946.5025
159,7,BOSA,Calle 57 Sur No. 87 H - 03 / Calle 57 Sur No. 87 G - 35 *,Orlando Higuita,Colegio Distrital Orlando Higuita Rojas,11,160010711,-74.18696812,4.625445099,-8258455.514,515462.3938
161,7,BOSA,Calle 52 A Sur No. 87 D - 45,Bosa Brasilia,Colegio Distrital Brasilia,13,160010713,-74.18158177,4.627958127,-8257855.909,515743.0574
162,7,BOSA,Carrera 86 No. 74 - 00 Sur,Islandia,Colegio Distrital Alfonso Reyes Echand√≠a Alfonso Reyes Echand√≠a,14,160010714,-74.20035773,4.616162771,-8259946.039,514425.7203
333,7,BOSA,Carrera 89 C No. 79 - 51 Sur,San Bernardino,Colegio Distrital San Bernardino,16,160010716,-74.20614751,4.62364962,-8260590.555,515261.8692
449,7,BOSA,Carrera 89 Bis No. 85 A - 20 Sur / Carrera 80 K No. 85 A - 33 Sur *,Bosa San Jos√©,Colegio Distrital Alb√°n Holgu√≠n - Sede C,17,160010717,-74.20988606,4.613764418,-8261006.728,514157.8685
335,7,BOSA,Carrera 102A No. 56F - 34 Sur,Santa F√© de Bosa,Colegio Distrital Villas del Progreso,20,160010720,-74.19523999,4.641153611,-8259376.335,517216.7906
336,7,BOSA,Calle 51 Sur No. 91 D - 56,El Porvenir,Colegio Distrital El Porvenir Sede A,21,160010721,-74.18362206,4.635898909,-8258083.033,516629.9177
337,7,BOSA,Carrera 92 No. 72 - 42 Sur,El Recreo,Colegio Distrital Leonardo Posada Pedraza,22,160010722,-74.20148261,4.627533565,-8260071.26,515695.6408
451,7,BOSA,Calle 77 A Sur No. 86 - 40 / Calle 78 Sur No. 79 - 40 *,La Esperanza,Colegio Distrital La Esperanza,23,160010723,-74.2053697,4.609695983,-8260503.969,513703.5013
338,7,BOSA,Calle 61 Sur No. 80 I - 40,Francisco de Paula Santander,Colegio Distrital Francisco de Paula Santander,24,160010724,-74.18477974,4.6108717,-8258211.905,513834.8064
339,7,BOSA,Calle 61 Sur No. 103 - 33 / Calle 59C Sur No. 89B - 45*,Atalayas,Colegio Distrital Santiago de las Atalayas,26,160010726,-74.19283751,4.629344928,-8259108.892,515897.9405
453,7,BOSA,Calle 58 Sur No. 104 A - 04 / Calle 58 Sur No. 104 A - 50 *,El Recuerdo Santaf√©,Colegio Distrital El Porvenir - Sede B,27,160010727,-74.19774784,4.641699962,-8259655.508,517277.8102
340,7,BOSA,Calle 56 F Sur No. 91 D - 14,Fe y Alegr√≠a San Ignacio,Colegio Distrital Fe y Alegr√≠a San Ignacio,28,160010728,-74.1897848,4.633343233,-8258769.066,516344.4878
341,7,BOSA,Calle 52 Sur No. 97 C - 35,Ciudadela El Porvenir,Colegio Distrital Ciudadela Educativa de Bosa,29,160010729,-74.18721155,4.640829726,-8258482.613,517180.6173
454,7,BOSA,Calle 72 Sur No. 100 A - 71,Carlos Pizarro Le√≥n G√≥mez,Colegio Distrital Carlos Pizarro Le√≥n G√≥mez - Sede A,30,160010730,-74.20486502,4.63560566,-8260447.789,516597.1662
586,7,BOSA,Calle 72 A Sur No. 80 J - 20 / Carrera 80 J No. 72 - 19 Sur *,Nuevo Carlos Alb√°n,Colegio Distrital Gran Colombiano Sede D,31,160010731,-74.19669726,4.60814774,-8259538.557,513530.5926
588,7,BOSA,Calle 73 F Sur No. 80 N Bis - 49 / Calle 73 F Sur No. 80 N - 41 *,Laureles II,Colegio Distrital Gran Colombiano Sede A,32,160010732,-74.19991419,4.610226665,-8259896.665,513762.7683
592,7,BOSA,Carrera 87 C No. 69 A - 80 Sur / Calle 69 B Sur No. 87 B - 32 *,La Independencia,Colegio Mixto Villa Carolina,34,160010734,-74.194785,4.620748,-8259325.686,514937.8084
595,7,BOSA,Calle 59 B Sur No. 87 B - 02,Bosanova,Colegio Distrital Bosa Nova,35,160010735,-74.188373,4.622721,-8258611.905,515158.1583
587,7,BOSA,Carrera 80 M No. 71 C - 31 Sur,Naranjos,Colegio Distrital Los Naranjos,39,160010739,-74.194879,4.609038,-8259336.15,513630.0173
594,7,BOSA,Calle 82 Sur No. 89 - 21,Campo Verde - Potreritos,Colegio Distrital Kimy Pernia,40,160010740,-74.207959,4.622137,-8260792.209,515092.9355
589,7,BOSA,Calle 60 Sur No. 80 K - 02 / Calle 60 Sur No. 80 H - 58 *,Claretiano,Colegio Claretiano de Bosa,41,160010741,-74.18399516,4.61186041,-8258124.566,513945.2265
486,7,BOSA,Carrera 87J No. 55 - 06 Sur,Holanda,Colegio Distrital Brasilia Bosa Sede B,43,160010743,-74.1856,4.6268,-8258303.216,515613.7137
487,7,BOSA,Carrera 88I No. 54B - 44 Sur,Portal de Brasil,Colegio Distrital German Arciniegas Sede A,44,160010744,-74.1851,4.6305,-8258247.556,516026.9435
488,7,BOSA,Carrera 98B No. 74 - 68 Sur,Recreo ‚Äì Michelsen,Colegio Distrital Alfonso L√≥pez Michelsen,45,160010745,-74.2066,4.631399999,-8260640.926,516127.4591
706,7,BOSA,Calle 68 Sur No. 81 G - 09,Coliseo la Palestina,Coliseo la Palestina,49,160010749,-74.19132802,4.61207376,-8258940.856,513969.0537
708,7,BOSA,Carrera 81 A No. 82 A - 18 Sur,Manuel Elk√≠n Patarroyo,Liceo Manuel Elkin Patarroyo,51,160010751,-74.20602105,4.613195066,-8260576.477,514094.2825
711,7,BOSA,Carrera 88 F Bis No. 51 C - 01 Sur / Carrera 88 I No. 51C - 10 Sur,Gimnasio Los Sauces,Gimnasio Los Sauces,54,160010754,-74.18228625,4.631003804,-8257934.331,516083.2104
712,7,BOSA,Calle 61 Sur No. 80 H - 40,Claretiano - El Libertador,Colegio Claretiano El Libertador,55,160010755,-74.18431698,4.610117728,-8258160.391,513750.6021
713,7,BOSA,Calle 62 A Sur No. 91 A - 35,Gimnasio Real Americano,Gimnasio Real Americano Sede B,56,160010756,-74.19528367,4.629848511,-8259381.198,515954.1826
714,7,BOSA,Calle 65 Sur No. 100 A - 51,Liceo Ciudad Capital,Liceo Ciudad Capital,57,160010757,-74.20114482,4.637518247,-8260033.658,516810.7734
715,7,BOSA,Calle 57 Sur No. 86 F - 30,Juan Maximiliano Ambrosio,Colegio Distrital Orlando Higuita Rojas Sede B - Juan Maximiliano Ambrosio,58,160010758,-74.18473898,4.622818268,-8258207.368,515169.0214
717,7,BOSA,Carrera 87 No. 53 C - 26 Sur,Colegio Colsubsidio Chical√°,Colegio Colsubsidio Chical√°,60,160010760,-74.1810153,4.625223078,-8257792.85,515437.5978
718,7,BOSA,Carrera 88 I No. 58 A - 12 Sur,Colegio Ciudadanos del Futuro,Colegio Mixto Ciudadanos del Futuro,61,160010761,-74.19070919,4.628029753,-8258871.969,515751.0569
840,7,BOSA,Carrera 87 C No. 67 - 18 Sur,La Concepci√≥n,Colegio Distrital La Concepci√≥n Sede C,63,160010763,-74.19331434,4.621691033,-8259161.973,515043.1287
841,7,BOSA,Carrera 89 Bis A No. 72 A - 13 Sur,Villas del Progreso,Colegio Distrital Villas del Progreso,64,160010764,-74.20077283,4.625149429,-8259992.248,515429.3725
842,7,BOSA,Calle 71 Sur No. 87 N - 15 / 21,Liceo L√≥pez Osorio,Colegio Privado Liceo Cultural L√≥pez Osorio,65,160010765,-74.19814927,4.622339261,-8259700.195,515115.5246
843,7,BOSA,Calle 50 Sur No. 98 B - 70,Soledad Acosta de Samper,Colegio Distrital Soledad Acosta de Samper,66,160010766,-74.18609409,4.643221317,-8258358.218,517447.7241
844,7,BOSA,Carrera 81 A No. 58 J - 45 Sur,Clarelandia,Colegio Distrital La Bici,67,160010767,-74.18236763,4.613736314,-8257943.391,514154.7298
84,10,ENGATIVA,Calle 71 No. 75 - 11,Boyac√°,Colegio Distrital Manuela Ayala de Gait√°n - Sede A,1,160011001,-74.09952889,4.688139072,-8248721.824,522464.5703
86,10,ENGATIVA,Diagonal 44 No. 69 - 96,Normand√≠a,Colegio Privado Instituto T√©cnico Industrial Centro Don Bosco,3,160011003,-74.10790265,4.661957395,-8249653.987,519540.3102
87,10,ENGATIVA,Carrera 68 F No 63 B - 02,Bosque Popular,Colegio T√©cnico Industrial Francisco Jos√© de Caldas - Sede A,4,160011004,-74.0953826,4.66880592,-8248260.262,520305.2189
88,10,ENGATIVA,Av. Calle 64 C No. 68 F - 29,El Gual√≠,Colegio Cafam B√°sica Primaria,5,160011005,-74.09435406,4.671215577,-8248145.764,520574.3542
89,10,ENGATIVA,Avenida Boyac√° No. 64 H - 39 / Avenida Carrera 72 No. 64 H - 39,El Luj√°n,Colegio Distrital Robert Kennedy,6,160011006,-74.1014887,4.678894774,-8248939.989,521432.052
90,10,ENGATIVA,Calle 64 C No. 76 - 23 / Calle 64 C No. 76 - 43 *,Villa Luz,Gimnasio Los Alceres,7,160011007,-74.10643213,4.680781845,-8249490.289,521642.8225
91,10,ENGATIVA,Calle 66 A No. 97 A - 15,Los √Ålamos,Colegio Cooperativo Los √Ålamos - COALAMOS,8,160011008,-74.11978795,4.69570563,-8250977.052,523309.7078
96,10,ENGATIVA,Calle 70 A No. 94 - 38,La Salina,Colegio Distrital Florida Blanca - Sede A,14,160011014,-74.11402123,4.697956262,-8250335.104,523561.0911
14,10,ENGATIVA,Carrera 89 No. 68 A - 36 Carrera 89 No. 68 A - 32 *,La Florida,Colegio Manyanet,15,160011015,-74.11058797,4.692899556,-8249952.915,522996.2857
15,10,ENGATIVA,Carrera 78 No. 69 A - 11,Santa Helenita,Colegio Distrital Manuela Ayala de Gait√°n - Sede B,16,160011016,-74.10337861,4.688928773,-8249150.373,522552.7745
16,10,ENGATIVA,Carrera 70 C Bis No. 71 - 33,La Europa,Colegio Distrital N√©stor Forero Alcal√° - Sede A,17,160011017,-74.09357475,4.683808993,-8248059.012,521980.9315
17,10,ENGATIVA,Carrera 69 C No. 69 - 20,La Estrada,Colegio Distrital Rep√∫blica de Colombia - Sede B,18,160011018,-74.0915258,4.678782291,-8247830.924,521419.4886
18,10,ENGATIVA,Calle 68 No. 69 - 10,La Estradita,Colegio Distrital Rep√∫blica de Colombia - Sede A,19,160011019,-74.09156636,4.677421343,-8247835.439,521267.4822
19,10,ENGATIVA,Calle 73 Bis No. 68 G - 27,Las Ferias,Colegio Distrital Naciones Unidas - Sede A,20,160011020,-74.08716271,4.68068259,-8247345.228,521631.7365
20,10,ENGATIVA,Calle 78 Bis No. 69T - 45,Bonanza,Instituto T√©cnico Distrital Rep√∫blica de Guatemala,21,160011021,-74.08685265,4.690132197,-8247310.712,522687.189
21,10,ENGATIVA,Calle 74 B No. 73 A - 20,Santa Mar√≠a del Lago,Colegio Distrital Tabora - Sede B,22,160011022,-74.09470132,4.691661443,-8248184.421,522857.9961
22,10,ENGATIVA,Carrera 84 No. 75 A - 09,La Granja,Colegio Distrital San Jos√© Norte - Sede A,23,160011023,-74.10180745,4.698713442,-8248975.472,523645.6642
163,10,ENGATIVA,Diagonal 74 B No. 87 - 40,Florencia,Colegio Distrital Nidia Quintero de Turbay - Sede B,24,160011024,-74.10526332,4.699568109,-8249360.177,523741.1262
167,10,ENGATIVA,Calle 75 No. 90 - 75,Santa Rosita,Colegio Distrital Nidia Quintero de Turbay - Sede A,25,160011025,-74.10789106,4.701727638,-8249652.697,523982.3352
168,10,ENGATIVA,Carrera 92 No. 82 - 20,Quirigua,Colegio Distrital Rep√∫blica de China,26,160011026,-74.10385844,4.70761207,-8249203.787,524639.6017
169,10,ENGATIVA,Carrera 82 A No. 82 D - 34 / Carrera 82 A No. 82 D - 40,La Espa√±ola,Colegio Distrital Jorge Gait√°n Cort√©s - Sede A,27,160011027,-74.09653855,4.703375863,-8248388.941,524166.4345
170,10,ENGATIVA,Transversal 74 No. 81 C - 05,Minuto de Dios,Colegio Minuto de Dios,28,160011028,-74.09033768,4.698129252,-8247698.663,523580.4132
171,10,ENGATIVA,Carrera 85 No. 88 - 99 / Carrera 85 No. 88 - 91,La Serena,Colegio Distrital Sim√≥n Bol√≠var - Sede B,29,160011029,-74.09499903,4.708631876,-8248217.563,524753.5103
174,10,ENGATIVA,Calle 65 No. 112 A - 39,Villa Gladys,Colegio Distrital Antonio Villavicencio - Sede A,33,160011033,-74.13430698,4.705067449,-8252593.304,524355.3774
176,10,ENGATIVA,Carrera 77 A No. 67 - 17,San Marcos,Colegio Distrital Antonio Nari√±o - Sede A,35,160011035,-74.10397213,4.685961514,-8249216.444,522221.3523
177,10,ENGATIVA,Transversal 76 B No. 51 A - 57 / Carrera 75 No. 51 A - 69,San Ignacio,Colegio Distrital Marco Tulio Fern√°ndez - Sede D,36,160011036,-74.11170781,4.673938038,-8250077.576,520878.4277
178,10,ENGATIVA,Carrera 77 B No. 74 A - 02 / Carrera 77 B No. 74 - 02,Tabora,Colegio Distrital Tabora - Sede A,37,160011037,-74.09808773,4.693789436,-8248561.395,523095.6799
469,10,ENGATIVA,Diagonal 83 No. 73 - 12 / Diagonal 83 No. 73 A - 12 *,El Morisco,Colegio Distrital Morisco,38,160011038,-74.09038497,4.705155591,-8247703.928,524365.2225
179,10,ENGATIVA,Transversal 87 A No. 83 A - 48,Los Cerezos,Polideportivo,39,160011039,-74.10015044,4.706390361,-8248791.014,524503.1414
181,10,ENGATIVA,Carrera 69 B No. 79 A - 42,Ferias II,Colegio Distrital Ju√°n del Corral - Sede A,41,160011041,-74.08190081,4.686961488,-8246759.476,522333.0423
182,10,ENGATIVA,Carrera 105 D No. 66 A - 15 Carrera 105 F No. 66 - 33 *,El Muelle,Colegio Colsubsidio Las Mercedes,42,160011042,-74.12521384,4.700289142,-8251581.059,523821.662
183,10,ENGATIVA,Calle 63 B No. 71 A - 16,La Caba√±a,Colegio Distrital Marco Tulio Fern√°ndez - Sede A,43,160011043,-74.10219663,4.674296156,-8249018.796,520918.4263
308,10,ENGATIVA,Diagonal 82 B No. 79 - 10,Tisquesusa,Sal√≥n Comunal,44,160011044,-74.09468949,4.702307462,-8248183.105,524047.0988
184,10,ENGATIVA,Calle 52 A Bis No. 78 - 35 Transversal 85 No. 52 A - 70 *,Santa Cecilia,Sal√≥n Comunal,45,160011045,-74.11305605,4.67724862,-8250227.661,521248.1905
185,10,ENGATIVA,Calle 70 A No. 105 G - 23 / Calle 70 No. 105 F - 28,Plazuelas del Virrey,Sal√≥n Comunal Urbanizaci√≥n Plazuelas del Virrey,46,160011046,-74.12330065,4.704557273,-8251368.084,524298.3929
186,10,ENGATIVA,Calle 64 F Bis No. 68 G - 16,Ciudad de Honda,Colegio Distrital Instituto T√©cnico industrial Francisco Jos√© de Caldas - Sede B,47,160011047,-74.09349928,4.672932559,-8248050.611,520766.1249
309,10,ENGATIVA,Calle 71 B No. 88 - 35,Zarzamora,Sede Social Conjunto Zarzamora CAFAM,48,160011048,-74.10797802,4.696281935,-8249662.377,523374.0778
187,10,ENGATIVA,Calle 70 C No. 111 - 15,Villa Constanza,Sal√≥n Comunal,49,160011049,-74.12846496,4.708291404,-8251942.973,524715.4808
619,10,ENGATIVA,Calle 74 A No. 73 A - 85,Palo Blanco,Colegio Gimnasio El Lago,51,160011051,-74.095567,4.691378,-8248280.788,522826.3373
616,10,ENGATIVA,Carrera 68 H No. 71 A - 01 Carrera 69 No. 71 - 16 *,San Joaqu√≠n,Colegio Distrital Rep√∫blica de Colombia Sede C,52,160011052,-74.089027,4.680191,-8247552.759,521576.8299
494,10,ENGATIVA,Transversal 113 No. 66 - 95,ALMAZAN - Engativ√°,Colegio Tom√°s Cipriano de Mosquera,58,160011058,-74.1345,4.7082,-8252614.79,524705.2713
754,10,ENGATIVA,Calle 67 A No. 103 - 04,Sal√≥n Comunal √Ålamos,Sal√≥n Comunal √Ålamos,60,160011060,-74.12297444,4.698422707,-8251331.77,523613.1906
755,10,ENGATIVA,Carrera 93 A No. 75 B - 80 Carrera 92 No. 75C - 31,Le√≥n Valencia,Colegio Distrital Guillermo Le√≥n Valencia,61,160011061,-74.10861136,4.704311298,-8249732.88,524270.9185
756,10,ENGATIVA,Carrera 83 No. 70 - 15,La Clarita,Sal√≥n Comunal Barrio La Clarita,62,160011062,-74.10575419,4.692167207,-8249414.822,522914.4868
757,10,ENGATIVA,Carrera 82 No. 68 B - 09,Centro Educativo Scalas,Centro Educativo Scalas,63,160011063,-74.10620784,4.690014812,-8249465.321,522674.0779
758,10,ENGATIVA,Calle 73 A No 69 J - 10,Naciones Unidas Sede B,Colegio Distrital Naciones Unidas Sede B,64,160011064,-74.08858585,4.684366278,-8247503.65,522043.176
759,10,ENGATIVA,Carrera 70 G No. 71 - 04,Colegio Norte Adventista,Colegio Adventista del Norte,65,160011065,-74.09436381,4.683743503,-8248146.85,521973.6167
760,10,ENGATIVA,Diagonal 70 No. 70 - 40,Alcal√° Sede B,Colegio Distrital Nestor Forero Alcala Sede B,66,160011066,-74.09316966,4.681993065,-8248013.918,521778.1062
761,10,ENGATIVA,Transversal 99 BIS No. 70A - 89 / Avenida Carrera 96 No. 70A - 89,Diverplaza,Centro Comercial Diverplaza,67,160011067,-74.115112,4.700140999,-8250456.528,523805.1152
762,10,ENGATIVA,Av. Calle 63 No. 73 A - 44,Margarita Bosco,Colegio Margarita Bosco,68,160011068,-74.10595589,4.676707799,-8249437.274,521187.7855
763,10,ENGATIVA,Calle 72 No. 102 - 23 / Avenida Calle 72 No. 102 - 23,Colegio COPES,Colegio Pedag√≥gico del Esp√≠ritu Santo,69,160011069,-74.11810399,4.704984208,-8250789.595,524346.0798
851,10,ENGATIVA,Carrera 83 No. 73 A - 80 / Calle 74 No. 82 - 37 *,Soledad Norte,Colegio Distrital San Jos√© Norte Sede B,70,160011070,-74.102306,4.69603977,-8249030.971,523347.0293
852,10,ENGATIVA,Carrera 89 A No. 86 - 38,Sidauto,Colegio Distrital Jorge Eliecer Gait√°n Sede A,71,160011071,-74.09904224,4.709017951,-8248667.65,524796.6335
853,10,ENGATIVA,Carrera 84 No. 83 - 71,Paris Gait√°n,Colegio Distrital Jorge Eliecer Gait√°n Sede B,72,160011072,-74.09788414,4.704805792,-8248538.731,524326.1514
854,10,ENGATIVA,Carrera 76 No. 79 - 40,La Palestina,Colegio Distrital La Palestina Sede A - Centro de Estudios del Ni√±o,73,160011073,-74.093553,4.697159643,-8248056.591,523472.113
855,10,ENGATIVA,Carera 77 A No. 64 B - 03,El Encanto,Sal√≥n Comunal de Villaluz,74,160011074,-74.10735813,4.681729464,-8249593.371,521748.664
856,10,ENGATIVA,Calle 65 A No. 76 - 53,El Real,Colegio Distrital Robert Kennedy Sede B,75,160011075,-74.10434447,4.683140161,-8249257.892,521906.228
858,10,ENGATIVA,Carrera 87 A No. 84 A - 81,Colegio Lestonac,Colegio Privado Centro Lestonac Compa√±√≠a de Mar√≠a,77,160011077,-74.09906524,4.708032957,-8248670.21,524686.6132
859,10,ENGATIVA,Carrera 105 A No. 74 A - 15,Comunidad Colegio Fe y Alegr√≠a,Colegio Distrital Fe y Alegr√≠a,78,160011078,-74.11897249,4.708199285,-8250886.276,524705.1914
860,10,ENGATIVA,Calle 72 A No. 86 - 49 Parqueadero,Centro Comercial Punto 72,Centro Comercial Punto 72,79,160011079,-74.10605958,4.696919331,-8249448.817,523445.2715
66,9,FONTIBÓN,Carrera 99 Calle 17 A Esquina / Carrera 99 No. 17A - 62 *,Fontib√≥n,Colegio Parroquial San Pedro Claver,1,160010901,-74.14450538,4.672635173,-8253728.584,520732.9097
67,9,FONTIBÓN,Calle 20 D No. 96 G - 51,Villemar,Colegio Distrital Villamar El Carmen,2,160010902,-74.13918465,4.672594228,-8253136.283,520728.3365
68,9,FONTIBÓN,Calle 20 No. 82 - 52,Hayuelos C.C.,Centro Comercial Hayuelos,3,160010903,-74.13054684,4.664203605,-8252174.726,519791.1876
69,9,FONTIBÓN,Carrera 106 No. 18 - 77,Bel√©n,Colegio Distrital Integrado de Fontib√≥n,4,160010904,-74.14731025,4.678433946,-8254040.821,521380.5814
70,9,FONTIBÓN,Calle 17 D No. 123 B - 37,San Pablo La Perla,Colegio Distrital Antonio Van √úden,5,160010905,-74.15887107,4.688993233,-8255327.766,522559.9743
71,9,FONTIBÓN,Carrera 112 No. 23 - 05,Versalles,Colegio Distrital Internacional,6,160010906,-74.14523522,4.686837268,-8253809.829,522319.1678
72,9,FONTIBÓN,Carrera 101 No. 23 - 42,Veracruz,Colegio Distrital Rep√∫blica de Costa Rica,7,160010907,-74.13770942,4.679446399,-8252972.061,521493.664
73,9,FONTIBÓN,Calle 25 B No. 81 - 41 / Carrera 81C No. 24D 60 *,Modelia Sur,Sal√≥n M√∫ltiple Comunitario,8,160010908,-74.11924086,4.670049755,-8250916.151,520444.143
74,9,FONTIBÓN,Calle 25 B No. 83 - 14,Santa Cecilia - Modelia,Colegio Distrital Santa Cecilia,9,160010909,-74.12063459,4.671957665,-8251071.299,520657.2384
75,9,FONTIBÓN,Carrera 97 No. 16 J - 15,Centro A,Colegio Distrital Rodrigo Arenas Betancourt,10,160010910,-74.14464348,4.670627619,-8253743.957,520508.6849
76,9,FONTIBÓN,Calle 16 F BIS No. 102 - 70,La Laguna,Colegio Distrital Pablo Neruda,11,160010911,-74.14939245,4.672245606,-8254272.61,520689.3987
77,9,FONTIBÓN,Carrera 114 No. 17 C - 07,Batavia,Concentraci√≥n Escolar Batavia,12,160010912,-74.15300324,4.682683578,-8254674.562,521855.2312
78,9,FONTIBÓN,Carrera 104 B No. 22 J - 15 / Calle 23 No. 104 B - 15,La Giralda,Subdirecci√≥n de Integraci√≥n Social,13,160010913,-74.14173479,4.681725344,-8253420.163,521748.2039
79,9,FONTIBÓN,Calle 25 C Bis B No 96 - 56,Puerta de Teja,Colegio Distrital Costa Rica - Sede C,14,160010914,-74.12699896,4.68217956,-8251779.778,521798.9362
405,9,FONTIBÓN,Calle 23 C No. 69 B ‚Äì 01,Agustiniano - Salitre,Colegio Agustiniano Salitre,15,160010915,-74.1135309,4.655439625,-8250280.521,518812.3503
80,9,FONTIBÓN,Carrera 72 A No. 23 - 55,Tres Elefantes - La Esperanza,Parqueadero Almac√©n Los Tres Elefentes,16,160010916,-74.11834597,4.660055099,-8250816.532,519327.8449
81,9,FONTIBÓN,Carrera 136 No. 17 D - 52,Puente Grande,Colegio Unidad Educativa Prados de Alameda,17,160010917,-74.16704745,4.696836459,-8256237.955,523436.0151
82,9,FONTIBÓN,Calle 14 A No. 108 - 78,Zona Franca,Colegio Distrital Carlo Federici,18,160010918,-74.15965763,4.671739569,-8255415.325,520632.8791
83,9,FONTIBÓN,Calle 14 B No. 119 A - 17,Recodo,Sal√≥n Social Conjunto Residencial Fontib√≥n Reservado,19,160010919,-74.16613787,4.680477448,-8256136.702,521608.8238
613,9,FONTIBÓN,Carrera 99 No. 19 -72,Santa Teresa Centro,Colegio Santa Teresa Centro,20,160010920,-74.142523,4.673794,-8253507.906,520862.34
609,9,FONTIBÓN,Calle 19 No. 79 - 37,La Felicidad,Colegio Distrital La Felicidad,21,160010921,-74.1305907,4.656356406,-8252179.608,518914.7438
610,9,FONTIBÓN,Carrera 74 No. 24 B - 80,Navarra Modelia,Liceo Navarra,22,160010922,-74.117062,4.66582,-8250673.601,519971.7219
611,9,FONTIBÓN,Calle 24 D No. 82 - 13 / Carrera 82 No. 24 C - 29 *,Modelia Real,Colegio Gimnasio Modelia Real,23,160010923,-74.12140296,4.670602093,-8251156.834,520505.8339
618,9,FONTIBÓN,Calle 22 G No. 117 A - 38,La Aldea,Sal√≥n Comunal la Aldea,24,160010924,-74.150029,4.688916,-8254343.471,522551.3479
617,9,FONTIBÓN,Carrera 124 No. 17 - 05,Van Uden Calle 13,Colegio Antonio Van Uden Sede C,25,160010925,-74.160905,4.688375,-8255554.181,522490.9218
477,9,FONTIBÓN,Avenida Carrera 116 No. 22I - 56,Atahualpa,Colegio Distrital Atahualpa,26,160010926,-74.1483,4.6883,-8254150.999,522482.5448
493,9,FONTIBÓN,Avenida Carrera 86 No. 19A - 50,Hayuelos - JUMBO,Parqueadero Supermercado JUMBO,27,160010927,-74.1323,4.6628,-8252369.887,519634.42
742,9,FONTIBÓN,Calle 22F No. 109B - 29,Integrado Sede B,Colegio Distrital Integrado - Sede B,28,160010928,-74.14624405,4.683119406,-8253922.132,521903.9098
743,9,FONTIBÓN,Carrera 106 No. 15A - 32,ACUNAR,Jard√≠n Infantil ACUNAR Sabana Grande,29,160010929,-74.15372824,4.672928979,-8254755.268,520765.7251
744,9,FONTIBÓN,Diagonal 15 D No. 98 - 40,Casa Pensamiento Intercultural,Casa Pensamiento Intercultural,30,160010930,-74.1517436,4.666352905,-8254534.339,520031.2419
745,9,FONTIBÓN,Calle 23 G No. 103 - 60 / Carrera 103 No. 23 G - 01 *,Colegio Luis √Ångel Arango,Colegio Distrital Luis √Ångel Arango,31,160010931,-74.13755125,4.681852694,-8252954.454,521762.4279
746,9,FONTIBÓN,Carrera 97 No. 22 G - 15,Ferrocaja,Colegio Distrital Villemar El Carmen Sede C.,32,160010932,-74.13840759,4.676020199,-8253049.781,521110.9865
747,9,FONTIBÓN,Calle 17 F No. 128 - 45,El Charco,Colegio Distrital Antonio Van √úden Sede B,33,160010933,-74.16143794,4.69248753,-8255613.509,522950.2649
748,9,FONTIBÓN,Calle 19 A No. 72 - 57,Multiplaza,Centro Comercial Multiplaza,34,160010934,-74.12499242,4.653330242,-8251556.411,518576.758
749,9,FONTIBÓN,Carrera 68 B No. 24 - 39,Salitre Plaza,Centro Comercial Salitre Plaza,35,160010935,-74.10918052,4.652714735,-8249796.239,518508.0135
750,9,FONTIBÓN,Calle 16 J No. 99 - 95,Pablo Neruda,Colegio Distrital Pablo Neruda Sede B,36,160010936,-74.14642966,4.672448641,-8253942.793,520712.0758
751,9,FONTIBÓN,Calle 17A No. 99 - 53,Cacique Hyntiba,Casa De La Cultura de Fontib√≥n Cacique Hyntiba,37,160010937,-74.14514482,4.672996707,-8253799.767,520773.2897
752,9,FONTIBÓN,Calle 15 No. 119 - 14 / Calle 15 No. 119 A - 90 *,Tres Estancias,Sal√≥n Comunal Tres Estancias,38,160010938,-74.16417606,4.682814584,-8255918.314,521869.8635
848,9,FONTIBÓN,Carrera 100 No. 24 - 60,San Jos√©,Colegio Privado Parroquial San Jos√©,39,160010939,-74.13355041,4.681714744,-8252509.082,521747.0199
849,9,FONTIBÓN,Carrera 100 No. 24 D - 65,El Jard√≠n,Sal√≥n Comunal San Jos√© - El Jard√≠n,40,160010940,-74.13252332,4.683248644153768a,-8252394.747,521918.345
850,9,FONTIBÓN,Calle 17 C No. 134 - 70 Manzana 1,Villa Andrea,Jard√≠n Infantil Villa Andrea,41,160010941,-74.16663542,4.695402256,-8256192.088,523275.8226
342,8,KENNEDY,Carrera 80 I No. 57 B - 50 Sur,Class,Colegio Distrital Class,1,160010801,-74.17890293,4.614181763,-8257557.702,514204.4781
343,8,KENNEDY,Calle 57 A Sur No. 78 N - 21,Roma,Colegio Distrital R√≥mulo Gallegos,2,160010802,-74.17402687,4.61042338,-8257014.901,513784.7376
455,8,KENNEDY,Calle 52 A Sur No. 77 W - 05,Catalina,Colegio Distrital Las Am√©ricas - Sede B (San Rafa√©l),4,160010804,-74.16898938,4.610011166,-8256454.13,513738.7012
24,8,KENNEDY,Carrera 79 F No. 46 - 16 Sur,Casablanca 32,Sal√≥n Comunal Casablanca 32,5,160010805,-74.1679326,4.618398016,-8256336.491,514675.3568
25,8,KENNEDY,Calle 47 A Sur No. 82 - 99,Britalia,Colegio Distrital Gran Britalia - Sede B,6,160010806,-74.17301133,4.625309595,-8256901.852,515447.2603
26,8,KENNEDY,Carrera 79D No. 42A - 25 / Calle 42 A Sur No. 79 D - 37,Gran Colombiano,Colegio Distrital San Jos√©,7,160010807,-74.16282961,4.62125033,-8255768.428,514993.9099
27,8,KENNEDY,Calle 41 C Sur No. 78 H - 85,Los Periodistas,Colegio Distrital Los Periodistas,8,160010808,-74.15832381,4.617388222,-8255266.845,514562.5809
30,8,KENNEDY,Carrera 72 G No. 39 - 99 Sur / Calle 39 B Sur No. 72 G - 62*,Carimagua,Colegio Distrital Alfonso L√≥pez,11,160010811,-74.14384351,4.608288408,-8253654.905,513546.3024
31,8,KENNEDY,Diagonal 41 Sur No. 73 A - 80,Timiza,Colegio Distrital Francisco Miranda,12,160010812,-74.15445626,4.612588858,-8254836.311,514026.5804
32,8,KENNEDY,Carrera 73 C Bis No. 38 C - 84 Sur / Calle 38C Sur No. 73A - 93*,La Uba,Colegio Distrital Las Am√©ricas - Sede A,13,160010813,-74.1506275,4.61676526,-8254410.096,514493.0074
33,8,KENNEDY,Calle 40 J Sur No. 78 - 08,Santa Marta de Pastrana,Colegio Distrital Tom Adams,14,160010814,-74.1556454,4.61828805,-8254968.686,514663.0756
456,8,KENNEDY,Carrera 74 B No. 38 A - 35 Sur,La Macarena,Colegio Distrital Jhon F. Kennedy,15,160010815,-74.15025405,4.619573277,-8254368.522,514806.6125
34,8,KENNEDY,Carrera 78 G No. 38 C - 11 Sur,El Jap√≥n,Colegio Distrital El Jap√≥n,16,160010816,-74.15351731,4.621697552,-8254731.788,515043.8568
457,8,KENNEDY,Carrera 80 No. 39 A - 55 Sur,Estados Unidos Super 13,Polideportivo Cayetano Ca√±izares,17,160010817,-74.16032959,4.62562787,-8255490.127,515482.8063
35,8,KENNEDY,Carrera 83 No. 38 B - 12 Sur,El Saucedal,Colegio Distrital La Amistad - Sede B,18,160010818,-74.16282557,4.63303883,-8255767.978,516310.4907
36,8,KENNEDY,Calle 1 Bis Sur No. 87 - 84,Patio Bonito,Colegio Distrital Manuel Zapata Olivella,19,160010819,-74.15996042,4.640644361,-8255449.031,517159.9147
458,8,KENNEDY,Calle 35 C Sur No. 78 N - 10,FCO Jos√© de Caldas,Colegio Distrital Inem Francisco De Paula Santander -Sede B,20,160010820,-74.15317528,4.626545717,-8254693.713,515585.3145
37,8,KENNEDY,Calle 26 Sur No. 78 H - 20 / Calle 26 Sur No. 78 H 70,Banderas - Gimnasio Militar FAC,Colegio Privado Militar de la Fuerza A√©rea Colombiana - FAC,21,160010821,-74.14966788,4.627339318,-8254303.271,515673.9466
38,8,KENNEDY,Calle 35 C Sur No.78 F - 81,Prospero Pinz√≥n,Colegio Distrital Pr√≥spero Pinz√≥n,22,160010822,-74.15109254,4.624321243,-8254461.863,515336.8781
39,8,KENNEDY,Carrera 78 No 35 - 30 Sur,Kennedy Ley,Colegio Distrital La Amistad,23,160010823,-74.14812765,4.62342255,-8254131.813,515236.5094
459,8,KENNEDY,Calle 35 B Sur No. 73 A - 40 Int 1,Los H√©roes,Colegio Distrital Los H√©roes,24,160010824,-74.14522564,4.620540827,-8253808.763,514914.6708
40,8,KENNEDY,Carrera 72 L No. 34 - 19 Sur,Colegio OEA,Colegio Distrital OEA,25,160010825,-74.14145868,4.618158635,-8253389.427,514648.6222
41,8,KENNEDY,Transversal 68 C No. 31 - 26 Sur,Floralia,Sal√≥n Comunal Floralia,26,160010826,-74.13231109,4.608704879,-8252371.122,513592.8141
42,8,KENNEDY,Calle 25 Sur No. 69 C - 34,Carvajal II,Colegio Distrital Antonia Santos,27,160010827,-74.13547168,4.615321066,-8252722.957,514331.7173
43,8,KENNEDY,Calle 20 Sur No. 68 D - 36,Villa Adriana,Sal√≥n Comunal,28,160010828,-74.12908471,4.612923953,-8252011.963,514064.0042
44,8,KENNEDY,Carrera 71 C No 3 A - 41,Las Am√©ricas,Colegio Superior Americano,29,160010829,-74.13590568,4.626186379,-8252771.27,515545.1824
45,8,KENNEDY,Carrera 68 B Bis No. 1 - 09 Sur,La Floresta Sur,Colegio Distrital La Floresta Sur - Sede 1,30,160010830,-74.12744374,4.620795857,-8251829.291,514943.1532
46,8,KENNEDY,Carrera 69 No. 7 - 90,Marsella,Colegio Distrital Marsella,31,160010831,-74.12731737,4.632151289,-8251815.223,516211.3663
47,8,KENNEDY,Calle 7 A Bis No. 71 A - 20,Aloha,Sal√≥n Comunal Aloha,32,160010832,-74.1332479,4.632901238,-8252475.407,516295.1239
460,8,KENNEDY,Calle 5 Sur No. 72 A - 69,Mandalay - Colegio Kennedy,Colegio Distrital Kennedy,33,160010833,-74.14082628,4.620267632,-8253319.028,514884.1597
461,8,KENNEDY,Carrera 79 F No. 6 B -30,Pio XII,Colegio Distrital Isabel II - Sede B,34,160010834,-74.15182268,4.635361166,-8254543.143,516569.8599
462,8,KENNEDY,Carrera 78 C No. 8 A - 43,Castilla,Colegio Distrital Nueva Castilla,35,160010835,-74.14191584,4.640465577,-8253440.318,517139.9471
49,8,KENNEDY,Carrera 87 H BIS No. 39 - 23 Sur,Jairo An√≠bal Ni√±o,Colegio Distrital Patio Bonito,37,160010837,-74.16683629,4.636940864,-8256214.449,516746.2884
463,8,KENNEDY,Carrera 79 C No. 13 A - 40,Favidi Visi√≥n de Colombia,Colegio Distrital San Jos√© de Castilla - Sede C,38,160010838,-74.13528234,4.650683393,-8252701.879,518281.1382
50,8,KENNEDY,Carrera 80 D No. 48 A - 17 Sur,Almenar,Sal√≥n Comunal,39,160010839,-74.17039948,4.619730318,-8256611.102,514824.1512
53,8,KENNEDY,Carrera 74 No. 42 G - 52 Sur,Colegio de Timiza,Colegio de Timiza,42,160010842,-74.15855086,4.609839342,-8255292.12,513719.5117
54,8,KENNEDY,Calle 42 F Sur No. 88 A - 25,Tintalito,Colegio Distrital Hernando Dur√°n Dussan,43,160010843,-74.17220866,4.634596462,-8256812.499,516484.4542
55,8,KENNEDY,Carrera 90 A No. 39 - 12 Sur,Las Palmeras,Colegio Distrital Rodrigo de Triana - Sede B,44,160010844,-74.16940801,4.64064523,-8256500.733,517160.0117
56,8,KENNEDY,Carrera 93 A No. 42 A - 37 Sur,Dindalito,Colegio Distrital Villa Dindalito,45,160010845,-74.17467597,4.641742778,-8257087.159,517282.5921
58,8,KENNEDY,Carrera 85 No. 8 A - 28 / 36,Valladolid,Instituto Asopeminde La Pola,46,160010846,-74.14914447,4.646579746,-8254245.005,517822.8146
57,8,KENNEDY,Av. Ciudad de Cali No. 42 B - 51 Sur / Avenida Carrera 86 No. 42 B - 51 Sur *,Milenio Plaza,Centro Comercial Milenio Plaza,47,160010847,-74.16878478,4.630349086,-8256431.355,516010.0888
59,8,KENNEDY,Carrera 87 A No. 6 A - 23 / Carrera 88 No. 6A - 28,Colegio Gabriel Betancourt Mej√≠a,Colegio Distrital Gabriel Betancourt Mej√≠a,48,160010848,-74.15653034,4.644541436,-8255067.196,517595.1631
60,8,KENNEDY,Calle 5 A Sur No. 82 - 63 / Calle 5 A Sur No. 82 - 01,Mar√≠a Paz,Sal√≥n Comunal Mar√≠a Paz,49,160010849,-74.15796744,4.636868682,-8255227.173,516738.2267
61,8,KENNEDY,Carrera 91 No. 43 - 98 Sur / Carrera 90 A No. 46 - 50 Sur *,Colegio Nelson Mandela,Colegio Disitrital Nelson Mandela,50,160010850,-74.17790968,4.635853713,-8257447.134,516624.87
464,8,KENNEDY,Calle 11 B No. 80 B - 61 / Calle 11 B No. 80 C - 10,Colegio Gustavo Rojas Pinilla,Colegio Distrital Gustavo Rojas Pinilla,51,160010851,-74.14064983,4.648509084,-8253299.387,518038.2961
62,8,KENNEDY,Calle 56 A Sur No. 78 A - 20,Colegio Class I.E.D. Sede B,Colegio Distrital Class - Sede B,52,160010852,-74.17120201,4.608893256,-8256700.439,513613.8522
406,8,KENNEDY,Calle 58 C Sur No. 78 K - 21,Gema,Sal√≥n Comunal El Ruby II Sector,53,160010853,-74.17686552,4.607525829,-8257330.898,513461.1373
63,8,KENNEDY,Calle 49 Sur No. 78 - 35,Villa Rica,Colegio Distrital Villa Rica - Sede B,54,160010854,-74.16641358,4.611437642,-8256167.394,513898.0113
64,8,KENNEDY,Transversal 85 A No. 49 - 45 Sur,Colegio Jaime Garz√≥n,Colegio Distrital Jaime Garz√≥n,55,160010855,-74.17558465,4.625827935,-8257188.312,515505.1502
65,8,KENNEDY,Carrera 84 A No. 57 B - 04 Sur / Carrera 84 A No. 57 B - 22 Sur,Colegio D√©bora Arango,Colegio Distrital Debora Arango P√©rez,56,160010856,-74.18313506,4.617969588,-8258028.821,514627.5091
465,8,KENNEDY,Calle 40 Sur No. 94 C - 50,Campo Bello,Colegio Distrital Cafam Bellavista,57,160010857,-74.17254202,4.645385855,-8256849.608,517689.4732
13,8,KENNEDY,Carrera 89 No. 26 -03 Sur / Carrera 89 No. 26 -01 Sur,Patios,Colegio Distrital Saludcoop Sur,58,160010858,-74.16378937,4.642366606,-8255875.268,517352.2649
414,8,KENNEDY,Calle 56 Sur No. 81 - 26,Manuel Cepeda,Colegio Distrital Manuel Cepeda Vargas,59,160010859,-74.1776623,4.616530014,-8257419.596,514466.7347
466,8,KENNEDY,Carrera 72 No. 12 B - 48,Centro Comercial El Ed√©n,Centro Comercial El Ed√©n,60,160010860,-74.12914781,4.646525628,-8252018.987,517816.7704
311,8,KENNEDY,Calle 51 C Sur No. 82 A - 09,Santa Maria de Kennedy,Salon Comunal Urbanizacion Villa Andrea,61,160010861,-74.17647344,4.622501831,-8257287.253,515133.6809
590,8,KENNEDY,Carrera 78 N No. 41 - 17/ 21 Sur / Carrera 78 P No. 41 - 20 Sur,Tequendama Paulo VI Sede A,Colegio Distrital Paulo VI Sede A,62,160010862,-74.15802883,4.620888029,-8255234.007,514953.4472
593,8,KENNEDY,Carrera 80 No. 43 - 43 Sur Av. Carrera 80 No. 43 - 43 Sur *,Centro de Desarrollo Comunitario Kennedy,Centro de Desarrollo Comunitario Kennedy,63,160010863,-74.16661075,4.620902714,-8256189.343,514955.0873
602,8,KENNEDY,Calle 38 B No. 89 - 81 Sur Calle 38 Sur No. 89 - 81 *,Colegio Rodrigo Triana,Colegio Distrital Rodrigo Triana Sede A (Paraiso),64,160010864,-74.16738579,4.640010212,-8256275.62,517089.0894
603,8,KENNEDY,Calle 5 A Sur No. 88 B - 08,Colegio Dar√≠o Echand√≠a,Colegio Distrital Dar√≠o Echand√≠a,65,160010865,-74.161696,4.642173,-8255642.235,517330.6419
605,8,KENNEDY,Calle 6 D No. 90 - 51,San Francisco en el Tintal,Colegio Gimnasio Moderno San Francisco El Tintal,66,160010866,-74.15821,4.649992999,-8255254.175,518204.0301
606,8,KENNEDY,Carrera 94 No. 6 C - 30 Carrera 93 No. 6 B - 50 *,Centro Comercial Ciudad Tintal,Centro Comercial Ciudad Tintal,67,160010867,-74.15974956,4.652774051,-8255425.558,518514.6383
607,8,KENNEDY,Av. Ciudad de Cali No. 11 B - 95 ¬† Calle 11 A No. 86 - 66 *,Tagaste,Universidad Uniagustiniana,68,160010868,-74.14514654,4.653395062,-8253799.958,518583.9976
600,8,KENNEDY,Calle 7 C No. 78 F - 20 Carrera 78 F No. 7 D - 03 *,Tierra de Castillos,Colegio Distrital San Jos√© de Castilla - Sede A,69,160010869,-74.14384,4.638309,-8253654.514,516899.0888
599,8,KENNEDY,Transversal 78 C No. 6 D - 49,Colegio Fe y Alegr√≠a,Colegio Fe y Alegr√≠a,70,160010870,-74.146056,4.635105999,-8253901.198,516541.3617
490,8,KENNEDY,Calle 2B No. 70 - 22,Colegio Jean Piaget,Colegio Privado Jean Piaget,71,160010871,-74.13168348,4.624596076,-8252301.256,515367.5723
476,8,KENNEDY,Calle 6A No. 78A - 68,Metro,Almac√©n Metro,72,160010872,-74.1458,4.6324,-8253872.7,516239.1434
491,8,KENNEDY,Carrera 79C No. 41B - 51 Sur,Colegio San Pedro Claver Sede A,Colegio Distrital San Pedro Claver Sede A,73,160010873,-74.1611,4.622,-8255575.889,515077.635
492,8,KENNEDY,Calle 8A BIS No. 94 - 72 / Carrera 94 No. 8C - 49,Colegio La Magdalena,Colegio La Magdalena,74,160010874,-74.1573,4.657199999,-8255152.875,519008.9632
720,8,KENNEDY,Carrera 77 Q No. 45 A - 21 Sur,Colegio Distrital Jackeline,Colegio Distrital Jackeline Sede B,75,160010875,-74.16273182,4.6089903,-8255757.542,513624.6901
721,8,KENNEDY,Calle 1 Sur¬† No. 86 - 15,Colegio Luz y Vida,Gimnasio Cristiano Luz y Vida,76,160010876,-74.15926272,4.638695688,-8255371.364,516942.2762
722,8,KENNEDY,Calle 38 C Sur No. 86 C - 15,Colegio Rafael Goberna,Colegio Rafael Goberna,77,160010877,-74.16429156,4.634597102,-8255931.172,516484.5256
723,8,KENNEDY,Carrera 80 A No. 51 B - 29 Sur,Fernando Soto Aparicio Sede B,Colegio Fernando Soto Aparicio Sede B,78,160010878,-74.172626,4.617238,-8256858.957,514545.8039
724,8,KENNEDY,Calle 8 Bis No. 81 - 40,Sal√≥n Comunal Monterrey,Sal√≥n Comunal Monterrey,79,160010879,-74.14783573,4.643097501,-8254099.316,517433.8956
725,8,KENNEDY,Avenida Carrera 86 No. 6 - 37 / Av. Ciudad Cali con Am√©ricas,Centro Comercial Tintal Plaza,Centro Comercial Tintal Plaza,80,160010880,-74.15541178,4.641769221,-8254942.679,517285.5455
726,8,KENNEDY,Calle 54 Sur No. 81 H - 15,Sagrado Coraz√≥n,Colegio Sagrado Coraz√≥n Sede Principal,81,160010881,-74.1771205,4.620347683,-8257359.283,514893.1
727,8,KENNEDY,Calle 2 No. 93 - 28,CODEMA,Colegio Distrital CODEMA,82,160010882,-74.16555885,4.648293517,-8256072.246,518014.2201
728,8,KENNEDY,Carrera 78 J No. 54 - 16 Sur,Sal√≥n Comunal Roma IV,Sal√≥n Comunal Roma IV Segundo Sector,83,160010883,-74.17060252,4.611307113,-8256633.705,513883.4337
729,8,KENNEDY,Calle 38 C SUR No. 79 - 08,Kennedy Central,Colegio Distrital INEM Francisco de Paula Santander,84,160010884,-74.15550351,4.624982828,-8254952.89,515410.7659
730,8,KENNEDY,Transversal 73 A Bis B No.36 - 47 Sur,Fernando Soto Aparicio,Colegio Fernando Soto Aparicio ‚Äì Nuevo Kennedy,85,160010885,-74.14748937,4.618814036,-8254060.76,514721.8188
731,8,KENNEDY,Carrera 73 D No.35 - 20 Sur,Rosa Mar√≠a de Gordillo,Colegio Rosa Mar√≠a de Gordillo,86,160010886,-74.1464407,4.622060612,-8253944.023,515084.4043
732,8,KENNEDY,Carrera 68 L¬† No.37 D - 38 Sur / Carrera 68 I No.37 D - 02 Sur,Sal√≥n Comunal Carvajal Osorio,Sal√≥n Comunal Carvajal Osorio,87,160010887,-74.138358,4.606928999,-8253044.261,513394.4831
733,8,KENNEDY,Carrera 70 B No. 24 B - 35 Sur,Colegio Militar Manuel Murillo Toro,Colegio Militar Manuel Murillo Toro,88,160010888,-74.13596252,4.616207164,-8252777.597,514430.6782
734,8,KENNEDY,Calle 9 C No. 68 - 52,Nicol√°s Esguerra,Colegio Nicol√°s Esguerra,89,160010889,-74.12260323,4.632326105,-8251290.448,516230.8905
735,8,KENNEDY,Carrera 69 No. 8 - 28,Sal√≥n Comunal Marsella,Sal√≥n Comunal Marsella,90,160010890,-74.12702548,4.632976377,-8251782.731,516303.5157
736,8,KENNEDY,Diagonal 2 D No. 79 C - 83,Isabel II,El Colegio Isabel II,91,160010891,-74.15294975,4.633569682,-8254668.607,516369.7787
738,8,KENNEDY,Carrera 69 No. 39 - 27¬† Sur / Carrera 69 Bis No. 39 - 30 Sur,Colegio OEA Antonia Santos,Colegio OEA Sede Antonia Santos,93,160010893,-74.14082055,4.609080687,-8253318.391,513634.7846
741,8,KENNEDY,Calle 4 No. 71 A - 41,Colegio Integraci√≥n Moderna,Colegio Privado de Integraci√≥n Moderna,96,160010896,-74.13479142,4.62674213,-8252647.231,515607.2506
845,8,KENNEDY,Carrera 72 M No. 40 F - 18 Sur,Colegio Cooperativo Timiza,Colegio Privado Cooperativo de Timiza,97,160010897,-74.15073441,4.608652926,-8254421.996,513587.012
846,8,KENNEDY,Calle 2 No. 68 B - 08 Sur / Calle 2 No. 68 B 82 Sur,I.E.D. La Floresta Sur Sede B,Colegio Distrital La Floresta Sur Sede B,98,160010898,-74.12772213,4.620478548,-8251860.281,514907.7153
847,8,KENNEDY,Transversal 68 G No. 35 A - 42 Sur,I.E.D Carlos Arango Velez Sede A,Colegio Distrital Carlos Arango V√©lez Sede A,99,160010899,-74.13534321,4.607800367,-8252708.656,513491.7978
897,8,KENNEDY,Transversal 78 I No. 42 B - 81 Sur / Carrera 78 L No. 42 B - 84 Sur*,I.E.D San Rafael Sede A,Colegio Distrital San Rafael Sede A,100,1600108100,-74.16240131,4.617571588,-8255720.75,514583.0596
898,8,KENNEDY,Calle 9 A Sur No. 68 F - 23,Sal√≥n Comunal Villa Claudia,Sal√≥n Comunal Villa Claudia,101,1600108101,-74.12914229,4.617273996,-8252018.373,514549.824
899,8,KENNEDY,Calle 42 G Sur No. 87 - 06,Colegio San Pedro Claver Sede B,Colegio Distrital San Pedro Claver Sede B,102,1600108102,-74.1713998,4.631496877,-8256722.457,516138.2788
263,14,LOS MÁRTIRES,Calle 22 A No. 18 B - 42,Santa F√©,Colegio Distrital Rep√∫blica Bolivariana de Venezuela Sede A,1,160011401,-74.07940438,4.615162795,-8246481.574,514314.0413
264,14,LOS MÁRTIRES,Calle 22 A No. 25 - 52,Samper Mendoza,Colegio Distrital Rep√∫blica Bolivariana de Venezuela Sede B Samper Mendoza,2,160011402,-74.08305314,4.618372662,-8246887.752,514672.5252
265,14,LOS MÁRTIRES,Av. Calle 22 C No. 29 A - 47,Colseguros,Sal√≥n Comunal,3,160011403,-74.08428457,4.621698653,-8247024.834,515043.9798
266,14,LOS MÁRTIRES,Calle 13 No. 18 - 24,Estaci√≥n de la Sabana,Salones de la Estaci√≥n,4,160011404,-74.08335137,4.607028938,-8246920.951,513405.6443
312,14,LOS MÁRTIRES,Calle 10 No. 29 - 64,Ricaurte,Colegio Distrital Antonio Ricaurte,5,160011405,-74.09447962,4.610112401,-8248159.742,513750.0072
317,14,LOS MÁRTIRES,Calle 19 No. 19 - 27,San Fas√≥n,Colegio Nuestra Se√±ora de la Presentaci√≥n,11,160011411,-74.08133886,4.612162252,-8246696.919,513978.9365
478,14,LOS MÁRTIRES,Carrera 27 No. 24 C - 19,Panamericano,Colegio Distrital Panamericano,13,160011413,-74.078835,4.623057107,-8246418.191,515195.6956
792,14,LOS MÁRTIRES,Carrera 19 B No. 24 - 32,Centro Memoria,Centro Memoria,16,160011416,-74.07725252,4.618683373,-8246242.03,514707.2261
883,14,LOS MÁRTIRES,Avenida NQS con 19 / KR 30 20 54,Mallplaza,Centro Comercial Mallplaza,18,160011418,-74.08655261,4.619226968,-8247277.311,514767.936
389,98,PUENTE ARANDA,Carrera 56 No. 18 A - 47,C√°rcel Distrital Judicial Modelo,Localidad Puente Aranda,2,160019802,-74.10724119,4.63538471,-8249580.354,516572.4894
518,16,PUENTE ARANDA,Carrera 41 B No 4 C ‚Äì 27,La Primavera,Colegio Distrital El Jazm√≠n - Sede B,6,160011606,-74.10939313,4.615518683,-8249819.906,514353.7874
519,16,PUENTE ARANDA,Calle 19 C No. 33 - 30,Cundinamarca,Colegio Distrital Espa√±a Sede B,7,160011607,-74.08933232,4.622689935,-8247586.747,515154.6888
520,16,PUENTE ARANDA,Diagonal 5 F Bis A No. 43 B - 02,La Francia,Sal√≥n Comunal La Francia,8,160011608,-74.10746026,4.620199921,-8249604.741,514876.5976
521,16,PUENTE ARANDA,Carrera 56 No. 15 - 41,Puente Aranda,Colegio Distrital Jos√© Joaqu√≠n Casas,9,160011609,-74.1088856,4.632026551,-8249763.409,516197.435
522,16,PUENTE ARANDA,Calle 11 No. 65 B - 10,Salazar G√≥mez,Colegio Distrital Francisco Jos√© de Sucre,10,160011610,-74.11809822,4.63356439,-8250788.952,516369.1876
523,16,PUENTE ARANDA,Calle 5 B No. 60 - 29,La Trinidad,Colegio Distrital Silvera Espinosa Rend√≥n - Sede C,11,160011611,-74.11704188,4.62698828,-8250671.362,515634.7415
524,16,PUENTE ARANDA,Calle 4 B No. 65 - 31,La Pradera,Colegio Distrital Rafa√©l Pombo - Sede B,12,160011612,-74.12182556,4.623994109,-8251203.878,515300.3428
525,16,PUENTE ARANDA,Calle 4 No. 56 - 03,Col√≥n,Colegio Jos√© Allamano,13,160011613,-74.11942848,4.620190372,-8250937.036,514875.5312
526,16,PUENTE ARANDA,Calle 4 F No. 53 - 55,San Rafael,Colegio Distrital Rafa√©l Sorrento - Sede B,14,160011614,-74.11365583,4.619919495,-8250294.428,514845.279
527,16,PUENTE ARANDA,Calle 1 H No. 40 D - 13,El Jazm√≠n,Colegio Distrital Jazm√≠n - Sede A,15,160011615,-74.11487267,4.609959443,-8250429.886,513732.9247
528,16,PUENTE ARANDA,Calle 1 B No. 52 A - 02,La Ponderosa,Colegio Distrital Luis Carlos Gal√°n,16,160011616,-74.11908076,4.611495329,-8250898.328,513904.4539
529,16,PUENTE ARANDA,Calle 2 Bis No. 56 A - 37,Gal√°n,Colegio Distrital Jos√© Manuel Restrepo,17,160011617,-74.12247563,4.617260904,-8251276.243,514548.3618
530,16,PUENTE ARANDA,Carrera 52 C No. 19 A - 76 Sur,Milenta,Colegio Distrital Luis Vargas Tejada - Sede A,18,160011618,-74.12565623,4.609531985,-8251630.306,513685.1859
105,16,PUENTE ARANDA,Carrera 52 D No. 24 - 50 Sur / Carrera 52 D No. 24 - 48 Sur,El Tejar,Colegio Distrital Luis Vargas Tejada - Sede B,19,160011619,-74.12752015,4.608584813,-8251837.796,513579.4051
535,16,PUENTE ARANDA,Avenida las Am√©ricas No. 50 - 15 / Avenida Calle 9 No. 50 - 15,Carrera Centro Comercial,Centro Comercial,25,160011625,-74.10792935,4.626474202,-8249656.959,515577.3275
536,16,PUENTE ARANDA,Carrera 38 No. 10 - 90,San Andresito,Centro Comercial Puerto L√≥pez,26,160011626,-74.1014283,4.616956959,-8248933.265,514514.4167
591,16,PUENTE ARANDA,Carrera 53F No. 4G - 04,Sal√≥n Comunal Barrio Col√≥n,Sal√≥n Comunal Barrio Col√≥n,27,160011627,-74.11500638,4.622256958,-8250444.771,515106.3328
502,16,PUENTE ARANDA,Calle 4 A No. 51 A - 90,Sal√≥n Comunal La Colonia Oriental,Colonia Oriental,28,160011628,-74.1149,4.6183,-8250432.928,514664.4102
503,16,PUENTE ARANDA,Carrera 58 No. 4 B - 31,Sal√≥n Comunal La Trinidad,Sal√≥n Comunal La Trinidad,29,160011629,-74.11877986,4.623040511,-8250864.832,515193.8421
504,16,PUENTE ARANDA,Carrera 41B No. 5 - 57,Primavera y Gorgonzola,Sal√≥n Comunal Primavera y Gorgonzola,30,160011630,-74.1077,4.616299999,-8249631.428,514441.0462
800,16,PUENTE ARANDA,Calle 4 A No. 32 A - 77 / Calle 4 A No. 32 A - 75,Sal√≥n Comunal Veraguas,Sal√≥n Comunal Veraguas Central,33,160011633,-74.10320907,4.606667879,-8249131.5,513365.3211
801,16,PUENTE ARANDA,Calle 5 C No. 31 C - 16,Instituto de Integraci√≥n Cultural,Instituto de Integraci√≥n Cultural,34,160011634,-74.10099577,4.60792901,-8248885.116,513506.1647
802,16,PUENTE ARANDA,Calle 5 B No. 53 C - 74,Colegio Distrital Sorrento,Colegio Distrital Sorrento Sede A,35,160011635,-74.11328685,4.622991052,-8250253.353,515188.3184
803,16,PUENTE ARANDA,Calle 1B No. 52A - 02,Luis Carlos Gal√°n Sarmiento,Colegio Luis Carlos Gal√°n Sarmiento Sede C,36,160011636,-74.11902358,4.611679158,-8250891.963,513924.9841
807,16,PUENTE ARANDA,Carrera 65 No. 11 - 50,Plaza Central,Centro Comercial Plaza Central,40,160011640,-74.11627802,4.63240267,-8250586.329,516239.4416
885,16,PUENTE ARANDA,Carrera 56 No. 17 - 11,Jos√© Joaqu√≠n Casas Sede A,Colegio Distrital Jos√© Joaqu√≠n Casas Sede A,43,160011643,-74.1084016,4.632606211,-8249709.529,516262.174
886,16,PUENTE ARANDA,Calle 18 No. 35 - 25,Centro Educativo Distrital Espa√±a,Colegio Distrital Centro Educativo Espa√±a,44,160011644,-74.09303402,4.621806078,-8247998.819,515055.9773
204,11,SUBA,Carrera 68 B No. 94 - 12,Floresta Norte - Julio Fl√≥rez,Colegio Instituto Tecnico Distrital Julio Fl√≥rez - Sede B,19,160011119,-74.07750307,4.687168986,-8246269.921,522356.2183
772,11,SUBA,Carrera 69 No. 98 A - 45,Floresta Outlet,Centro Comercial Outlet La Floresta,74,160011174,-74.07476325,4.691381544,-8245964.926,522826.7331
388,90,TEUSAQUILLO,Calle 24 No. 37 - 94,Puesto Censo (Feria Exposici√≥n),CORFERIAS,1,160019001,-74.08994026,4.630369649,-8247654.423,516012.3854
393,13,TEUSAQUILLO,Diag. 61 C No. 26 - 35 Entrada 17 Costado Norte,El Camp√≠n,Centro Superior de Estudios en Administraci√≥n Deportiva - CEAD (Frente al Col. Cubierto El Campin),3,160011303,-74.07582905,4.649279934,-8246083.57,518124.3899
245,13,TEUSAQUILLO,Calle 57 B No. 37 - 34,Nicol√°s de Federm√°n,Colegio de la Contralor√≠a,4,160011304,-74.08198888,4.648238759,-8246769.279,518008.1043
246,13,TEUSAQUILLO,Carrera 53 con Calle 57 B (Plazoleta) / Calle 57A No. 53 - 21 *,Pablo VI,Plazoleta,5,160011305,-74.08685655,4.649792883,-8247311.146,518181.6797
247,13,TEUSAQUILLO,Calle 46 No 67 A - 35,El Salitre,Sal√≥n Comunal Salitre Greco,6,160011306,-74.10011002,4.65593062,-8248786.515,518867.1886
248,13,TEUSAQUILLO,Calle 45 No. 54 - 51,La Esmeralda,Colegio Calazans Femenino,7,160011307,-74.09103471,4.647253998,-8247776.256,517898.1196
250,13,TEUSAQUILLO,Carrera 23 No. 49 - 37,Palermo,Colegio Distrital Palermo,9,160011309,-74.07408781,4.638043201,-8245889.736,516869.403
251,13,TEUSAQUILLO,Carrera 22 No. 45 A - 51,Palermo - Colegio Americano,Colegio Americano,10,160011310,-74.07409026,4.634310555,-8245890.008,516452.5227
252,13,TEUSAQUILLO,Carrera 27 No. 45 A - 63,Belalcazar,Gimnasio Boyac√°,11,160011311,-74.07762639,4.635412691,-8246283.649,516575.6145
253,13,TEUSAQUILLO,Avenida Dorado No. 44 A - 40 / Avenida Calle 26 No. 44 A - 40,Quinta Paredes A,Hemeroteca Nacional,12,160011312,-74.09153301,4.636170903,-8247831.727,516660.2953
254,13,TEUSAQUILLO,Av. Calle 24 No. 48 - 53,Quinta Paredes B,Gimnasio William McKinley,13,160011313,-74.09760864,4.637018089,-8248508.062,516754.9132
255,13,TEUSAQUILLO,Av. Calle 24 No. 37 - 27,Centro Nari√±o,Acueducto,14,160011314,-74.09149145,4.628473686,-8247827.101,515800.6369
256,13,TEUSAQUILLO,Carrera 32 A No. 27 - 18,Residencias B.C.H.,Instituto Distrital Manuela Beltr√°n,15,160011315,-74.08162454,4.629672908,-8246728.721,515934.5706
260,13,TEUSAQUILLO,Carrera 57 No. 56 ‚Äì 36,Pablo VI - II Etapa,Casa de la Cultura,19,160011319,-74.08881136,4.650771604,-8247528.754,518290.9903
261,13,TEUSAQUILLO,Calle 44 No. 53 - 37,Rafael Nu√±ez,Escuela Superior de Administraci√≥n P√∫blica - ESAP,20,160011320,-74.09262937,4.644623938,-8247953.773,517604.3775
262,13,TEUSAQUILLO,Av. Calle 26 No. 60 - 61 (Plazoleta Gran Estaci√≥n),Ciudad Salitre,Plazoleta Centro Comercial Gran Estaci√≥n,21,160011321,-74.10117281,4.648558778,-8248904.824,518043.8462
604,13,TEUSAQUILLO,Calle 57 B No. 34 - 42 Sal√≥n Parroquial / Calle 57 B No. 37 - 42 *,Corpus Christi,Sal√≥n Parroquial Corpus Christi,22,160011322,-74.08226191,4.648617818,-8246799.672,518050.4402
597,13,TEUSAQUILLO,Carrera 32 A No. 27 A - 16/20,Acevedo Tejada,Sal√≥n Comunal Acevedo Tejada,24,160011324,-74.081239,4.629909,-8246685.803,515960.9383
608,13,TEUSAQUILLO,Av. Carrera 60 No. 57 - 60,Biblioteca Virgilio Barco,Biblioteca Virgilio Barco,25,160011325,-74.0886788,4.657094267,-8247513.997,518997.1541
498,13,TEUSAQUILLO,Carrera 66 No. 24 - 09,Imprenta Nacional,Imprenta Nacional,26,160011326,-74.1054,4.649,-8249375.393,518093.125
789,13,TEUSAQUILLO,Calle 62 No. 27 A - 12,Colegio del Pilar,Colegio Nuestra Se√±ora del Pilar,27,160011327,-74.07527644,4.650735228,-8246022.053,518286.9275
791,13,TEUSAQUILLO,Av. Carrera 28 No. 35 - 35,Colegio Santa Clara,Colegio Santa Clara,29,160011329,-74.07672482,4.624980997,-8246183.287,515410.5614
880,13,TEUSAQUILLO,Calle 46 No. 28 - 30,C√≠rculo Colombiano de Artistas,Teatro Bernardo Romero Lozano,30,160011330,-74.07842897,4.636136779,-8246372.992,516656.4842
881,13,TEUSAQUILLO,Carrera 45 No. 26 - 85,Universidad Nacional Aud Alfonso L√≥pez,Universidad Nacional - Auditorio Alfonso L√≥pez Pumarejo,31,160011331,-74.08986528,4.639493193,-8247646.075,517031.3458
882,13,TEUSAQUILLO,Carrera 30 No. 25 - 90,Supercade CAD,Sistema Distrital de Servicio a la Ciudadan√≠a - Supercade CAD,32,160011332,-74.08150577,4.625532341,-8246715.5,515472.1373